{
  "Wheat & Rye (Bread)": 97.97979797979798,
  "Maize (Meal)": 98.48484848484848,
  "Barley (Beer)": 98.48484848484848,
  "Oatmeal": 97.64309764309765,
  "Rice": 93.6026936026936,
  "Potatoes": 99.83164983164983,
  "Cassava": 98.82154882154882,
  "Cane Sugar": 95.95959595959596,
  "Beet Sugar": 97.97979797979798,
  "Other Pulses": 97.64309764309765,
  "Peas": 98.98989898989899,
  "Nuts": 100.0,
  "Groundnuts": 96.29629629629629,
  "Soymilk": 98.65319865319866,
  "Tofu": 95.28619528619528,
  "Soybean Oil": 90.23569023569024,
  "Palm Oil": 87.54208754208754,
  "Sunflower Oil": 94.44444444444444,
  "Rapeseed Oil": 94.10774410774411,
  "Olive Oil": 90.23569023569024,
  "Tomatoes": 97.97979797979798,
  "Onions & Leeks": 99.83164983164983,
  "Root Vegetables": 99.83164983164983,
  "Brassicas": 99.66329966329967,
  "Other Vegetables": 99.4949494949495,
  "Citrus Fruit": 99.83164983164983,
  "Bananas": 98.98989898989899,
  "Apples": 99.83164983164983,
  "Berries & Grapes": 98.48484848484848,
  "Wine": 97.97979797979798,
  "Other Fruit": 99.15824915824916,
  "Coffee": 72.55892255892255,
  "Dark Chocolate": 68.85521885521885,
  "Beef (beef herd)": 0.0,
  "Beef (dairy herd)": 64.81481481481481,
  "Lamb & Mutton": 59.090909090909086,
  "Pig Meat": 88.21548821548822,
  "Poultry Meat": 90.06734006734007,
  "Milk": 95.62289562289563,
  "Cheese": 64.64646464646464,
  "Eggs": 92.76094276094275,
  "Fish (farmed)": 91.75084175084174,
  "Shrimps (farmed)": 80.47138047138047
}
